3769_27307.html,1,1,元来,副詞,一般,,,,,元来,ガンライ,ガンライ
3769_27307.html,1,2,僕,名詞,代名詞,一般,,,,僕,ボク,ボク
3769_27307.html,1,3,は,助詞,係助詞,,,,,は,ハ,ワ
3769_27307.html,1,4,何ごと,名詞,一般,,,,,何ごと,ナニゴト,ナニゴト
3769_27307.html,1,5,に,助詞,格助詞,一般,,,,に,ニ,ニ
3769_27307.html,1,6,も,助詞,係助詞,,,,,も,モ,モ
3769_27307.html,1,7,執着,名詞,サ変接続,,,,,執着,シュウチャク,シューチャク
3769_27307.html,1,8,の,助詞,連体化,,,,,の,ノ,ノ
3769_27307.html,1,9,乏しい,形容詞,自立,,,形容詞・イ段,基本形,乏しい,トボシイ,トボシイ
3769_27307.html,1,10,性質,名詞,一般,,,,,性質,セイシツ,セイシツ
3769_27307.html,1,11,で,助動詞,,,,特殊・ダ,連用形,だ,デ,デ
3769_27307.html,1,12,ある,助動詞,,,,五段・ラ行アル,基本形,ある,アル,アル
3769_27307.html,1,13,。,記号,句点,,,,,。,。,。
3769_27307.html,2,1,就中,接続詞,,,,,,就中,ナカンヅク,ナカンズク
3769_27307.html,2,2,蒐集,名詞,サ変接続,,,,,蒐集,シュウシュウ,シューシュー
3769_27307.html,2,3,と,助詞,並立助詞,,,,,と,ト,ト
3769_27307.html,2,4,云,名詞,一般,,,,,云,ウン,ウン
3769_27307.html,2,5,ふ,名詞,一般,,,,,ふ,フ,フ
3769_27307.html,2,6,こと,名詞,非自立,一般,,,,こと,コト,コト
3769_27307.html,2,7,に,助詞,格助詞,一般,,,,に,ニ,ニ
3769_27307.html,2,8,は,助詞,係助詞,,,,,は,ハ,ワ
3769_27307.html,2,9,小学校,名詞,一般,,,,,小学校,ショウガッコウ,ショーガッコー
3769_27307.html,2,10,に,助詞,格助詞,一般,,,,に,ニ,ニ
3769_27307.html,2,11,通,名詞,一般,,,,,通,ツウ,ツー
3769_27307.html,2,12,つて,名詞,一般,,,,,つて,ツテ,ツテ
3769_27307.html,2,13,ゐ,動詞,自立,,,一段,連用形,ゐる,ヰ,イ
3769_27307.html,2,14,た,助動詞,,,,特殊・タ,基本形,た,タ,タ
3769_27307.html,2,15,頃,名詞,非自立,副詞可能,,,,頃,コロ,コロ
3769_27307.html,2,16,、,記号,読点,,,,,、,、,、
3769_27307.html,2,17,昆虫,名詞,一般,,,,,昆虫,コンチュウ,コンチュー
3769_27307.html,2,18,の,助詞,連体化,,,,,の,ノ,ノ
3769_27307.html,2,19,標本,名詞,一般,,,,,標本,ヒョウホン,ヒョーホン
3769_27307.html,2,20,を,助詞,格助詞,一般,,,,を,ヲ,ヲ
3769_27307.html,2,21,集め,動詞,自立,,,一段,連用形,集める,アツメ,アツメ
3769_27307.html,2,22,た,助動詞,,,,特殊・タ,基本形,た,タ,タ
3769_27307.html,2,23,以外,名詞,非自立,副詞可能,,,,以外,イガイ,イガイ
3769_27307.html,2,24,に,助詞,格助詞,一般,,,,に,ニ,ニ
3769_27307.html,2,25,未,接頭詞,名詞接続,,,,,未,ミ,ミ
3769_27307.html,2,26,嘗,名詞,一般,,,,,嘗,嘗,嘗
3769_27307.html,2,27,熱中,名詞,サ変接続,,,,,熱中,ネッチュウ,ネッチュー
3769_27307.html,2,28,し,動詞,自立,,,サ変・スル,連用形,する,シ,シ
3769_27307.html,2,29,た,助動詞,,,,特殊・タ,基本形,た,タ,タ
3769_27307.html,2,30,こと,名詞,非自立,一般,,,,こと,コト,コト
3769_27307.html,2,31,は,助詞,係助詞,,,,,は,ハ,ワ
3769_27307.html,2,32,ない,助動詞,,,,特殊・ナイ,基本形,ない,ナイ,ナイ
3769_27307.html,2,33,。,記号,句点,,,,,。,。,。
3769_27307.html,3,1,従,動詞,自立,,,一段,連用形,従る,シタガエ,シタガエ
3769_27307.html,3,2,つ,助動詞,,,,下二・タ行,基本形,つ,ツ,ツ
3769_27307.html,3,3,て,助詞,接続助詞,,,,,て,テ,テ
3769_27307.html,3,4,マツチ,名詞,一般,,,,,マツチ,マツチ,マツチ
3769_27307.html,3,5,の,助詞,連体化,,,,,の,ノ,ノ
3769_27307.html,3,6,商標,名詞,一般,,,,,商標,ショウヒョウ,ショーヒョー
3769_27307.html,3,7,は,助詞,係助詞,,,,,は,ハ,ワ
3769_27307.html,3,8,勿論,副詞,一般,,,,,勿論,モチロン,モチロン
3769_27307.html,3,9,、,記号,読点,,,,,、,、,、
3769_27307.html,3,10,油,名詞,一般,,,,,油,アブラ,アブラ
3769_27307.html,3,11,壺,名詞,一般,,,,,壺,ツボ,ツボ
3769_27307.html,3,12,で,助詞,格助詞,一般,,,,で,デ,デ
3769_27307.html,3,13,も,助詞,係助詞,,,,,も,モ,モ
3769_27307.html,3,14,、,記号,読点,,,,,、,、,、
3769_27307.html,3,15,看板,名詞,一般,,,,,看板,カンバン,カンバン
3769_27307.html,3,16,で,助詞,格助詞,一般,,,,で,デ,デ
3769_27307.html,3,17,も,助詞,係助詞,,,,,も,モ,モ
3769_27307.html,3,18,、,記号,読点,,,,,、,、,、
3769_27307.html,3,19,乃至,接続詞,,,,,,乃至,ナイシ,ナイシ
3769_27307.html,3,20,古今,名詞,一般,,,,,古今,ココン,ココン
3769_27307.html,3,21,の,助詞,連体化,,,,,の,ノ,ノ
3769_27307.html,3,22,名家,名詞,一般,,,,,名家,メイカ,メイカ
3769_27307.html,3,23,の,助詞,連体化,,,,,の,ノ,ノ
3769_27307.html,3,24,書画,名詞,一般,,,,,書画,ショガ,ショガ
3769_27307.html,3,25,で,助詞,格助詞,一般,,,,で,デ,デ
3769_27307.html,3,26,も,助詞,係助詞,,,,,も,モ,モ
3769_27307.html,3,27,必死,名詞,形容動詞語幹,,,,,必死,ヒッシ,ヒッシ
3769_27307.html,3,28,に,助詞,副詞化,,,,,に,ニ,ニ
3769_27307.html,3,29,集め,動詞,自立,,,一段,連用形,集める,アツメ,アツメ
3769_27307.html,3,30,て,助詞,接続助詞,,,,,て,テ,テ
3769_27307.html,3,31,ゐる,動詞,自立,,,一段,基本形,ゐる,ヰル,イル
3769_27307.html,3,32,諸,接頭詞,名詞接続,,,,,諸,ショ,ショ
3769_27307.html,3,33,君子,名詞,一般,,,,,君子,クンシ,クンシ
3769_27307.html,3,34,に,助詞,格助詞,一般,,,,に,ニ,ニ
3769_27307.html,3,35,は,助詞,係助詞,,,,,は,ハ,ワ
3769_27307.html,3,36,敬意,名詞,サ変接続,,,,,敬意,ケイイ,ケイイ
3769_27307.html,3,37,に,助詞,格助詞,一般,,,,に,ニ,ニ
3769_27307.html,3,38,近い,形容詞,自立,,,形容詞・アウオ段,基本形,近い,チカイ,チカイ
3769_27307.html,3,39,もの,名詞,非自立,一般,,,,もの,モノ,モノ
3769_27307.html,3,40,を,助詞,格助詞,一般,,,,を,ヲ,ヲ
3769_27307.html,3,41,感じ,動詞,自立,,,一段,連用形,感じる,カンジ,カンジ
3769_27307.html,3,42,て,助詞,接続助詞,,,,,て,テ,テ
3769_27307.html,3,43,ゐる,動詞,自立,,,一段,基本形,ゐる,ヰル,イル
3769_27307.html,3,44,。,記号,句点,,,,,。,。,。
3769_27307.html,4,1,時には,副詞,一般,,,,,時には,トキニハ,トキニワ
3769_27307.html,4,2,多少,名詞,一般,,,,,多少,タショウ,タショー
3769_27307.html,4,3,の,助詞,連体化,,,,,の,ノ,ノ
3769_27307.html,4,4,嫌悪,名詞,サ変接続,,,,,嫌悪,ケンオ,ケンオ
3769_27307.html,4,5,を,助詞,格助詞,一般,,,,を,ヲ,ヲ
3769_27307.html,4,6,交,名詞,一般,,,,,交,交,交
3769_27307.html,4,7,へ,助詞,格助詞,一般,,,,へ,ヘ,エ
3769_27307.html,4,8,た,助動詞,,,,特殊・タ,基本形,た,タ,タ
3769_27307.html,4,9,驚嘆,名詞,サ変接続,,,,,驚嘆,キョウタン,キョータン
3769_27307.html,4,10,に,助詞,格助詞,一般,,,,に,ニ,ニ
3769_27307.html,4,11,近い,形容詞,自立,,,形容詞・アウオ段,基本形,近い,チカイ,チカイ
3769_27307.html,4,12,もの,名詞,非自立,一般,,,,もの,モノ,モノ
3769_27307.html,4,13,を,助詞,格助詞,一般,,,,を,ヲ,ヲ
3769_27307.html,4,14,感じ,動詞,自立,,,一段,連用形,感じる,カンジ,カンジ
3769_27307.html,4,15,て,助詞,接続助詞,,,,,て,テ,テ
3769_27307.html,4,16,ゐる,動詞,自立,,,一段,基本形,ゐる,ヰル,イル
3769_27307.html,4,17,。,記号,句点,,,,,。,。,。
3769_27307.html,5,1,書籍,名詞,一般,,,,,書籍,ショセキ,ショセキ
3769_27307.html,5,2,も,助詞,係助詞,,,,,も,モ,モ
3769_27307.html,5,3,亦,副詞,助詞類接続,,,,,亦,マタ,マタ
3769_27307.html,5,4,例外,名詞,一般,,,,,例外,レイガイ,レイガイ
3769_27307.html,5,5,で,助詞,格助詞,一般,,,,で,デ,デ
3769_27307.html,5,6,は,助詞,係助詞,,,,,は,ハ,ワ
3769_27307.html,5,7,ない,助動詞,,,,特殊・ナイ,基本形,ない,ナイ,ナイ
3769_27307.html,5,8,。,記号,句点,,,,,。,。,。
3769_27307.html,6,1,僕,名詞,代名詞,一般,,,,僕,ボク,ボク
3769_27307.html,6,2,も,助詞,係助詞,,,,,も,モ,モ
3769_27307.html,6,3,亦,副詞,助詞類接続,,,,,亦,マタ,マタ
3769_27307.html,6,4,商売,名詞,サ変接続,,,,,商売,ショウバイ,ショーバイ
3769_27307.html,6,5,がら,名詞,接尾,一般,,,,がら,ガラ,ガラ
3769_27307.html,6,6,多少,名詞,一般,,,,,多少,タショウ,タショー
3769_27307.html,6,7,の,助詞,連体化,,,,,の,ノ,ノ
3769_27307.html,6,8,書籍,名詞,一般,,,,,書籍,ショセキ,ショセキ
3769_27307.html,6,9,を,助詞,格助詞,一般,,,,を,ヲ,ヲ
3769_27307.html,6,10,も,助詞,係助詞,,,,,も,モ,モ
3769_27307.html,6,11,蔵,名詞,サ変接続,,,,,蔵,ゾウ,ゾー
3769_27307.html,6,12,し,動詞,自立,,,サ変・スル,連用形,する,シ,シ
3769_27307.html,6,13,て,助詞,接続助詞,,,,,て,テ,テ
3769_27307.html,6,14,ゐる,動詞,自立,,,一段,基本形,ゐる,ヰル,イル
3769_27307.html,6,15,。,記号,句点,,,,,。,。,。
3769_27307.html,7,1,が,接続詞,,,,,,が,ガ,ガ
3769_27307.html,7,2,、,記号,読点,,,,,、,、,、
3769_27307.html,7,3,それ,名詞,代名詞,一般,,,,それ,ソレ,ソレ
3769_27307.html,7,4,も,助詞,係助詞,,,,,も,モ,モ
3769_27307.html,7,5,集め,動詞,自立,,,一段,連用形,集める,アツメ,アツメ
3769_27307.html,7,6,た,助動詞,,,,特殊・タ,基本形,た,タ,タ
3769_27307.html,7,7,の,名詞,非自立,一般,,,,の,ノ,ノ
3769_27307.html,7,8,で,助動詞,,,,特殊・ダ,連用形,だ,デ,デ
3769_27307.html,7,9,は,助詞,係助詞,,,,,は,ハ,ワ
3769_27307.html,7,10,ない,助動詞,,,,特殊・ナイ,基本形,ない,ナイ,ナイ
3769_27307.html,7,11,。,記号,句点,,,,,。,。,。
3769_27307.html,8,1,寧ろ,副詞,一般,,,,,寧ろ,ムシロ,ムシロ
3769_27307.html,8,2,おの,名詞,一般,,,,,おの,オノ,オノ
3769_27307.html,8,3,づか,動詞,自立,,,五段・カ行イ音便,未然形,づく,ヅカ,ズカ
3769_27307.html,8,4,ら,名詞,接尾,一般,,,,ら,ラ,ラ
3769_27307.html,8,5,集,名詞,接尾,一般,,,,集,シュウ,シュー
3769_27307.html,8,6,まつ,動詞,自立,,,五段・タ行,基本形,まつ,マツ,マツ
3769_27307.html,8,7,た,助動詞,,,,特殊・タ,基本形,た,タ,タ
3769_27307.html,8,8,の,名詞,非自立,一般,,,,の,ノ,ノ
3769_27307.html,8,9,で,助動詞,,,,特殊・ダ,連用形,だ,デ,デ
3769_27307.html,8,10,ある,助動詞,,,,五段・ラ行アル,基本形,ある,アル,アル
3769_27307.html,8,11,。,記号,句点,,,,,。,。,。
3769_27307.html,9,1,もし,副詞,一般,,,,,もし,モシ,モシ
3769_27307.html,9,2,集め,動詞,自立,,,一段,連用形,集める,アツメ,アツメ
3769_27307.html,9,3,た,助動詞,,,,特殊・タ,基本形,た,タ,タ
3769_27307.html,9,4,書籍,名詞,一般,,,,,書籍,ショセキ,ショセキ
3769_27307.html,9,5,で,助動詞,,,,特殊・ダ,連用形,だ,デ,デ
3769_27307.html,9,6,ある,助動詞,,,,五段・ラ行アル,基本形,ある,アル,アル
3769_27307.html,9,7,と,助詞,格助詞,引用,,,,と,ト,ト
3769_27307.html,9,8,すれ,動詞,自立,,,サ変・スル,仮定形,する,スレ,スレ
3769_27307.html,9,9,ば,助詞,接続助詞,,,,,ば,バ,バ
3769_27307.html,9,10,、,記号,読点,,,,,、,、,、
3769_27307.html,9,11,其処,名詞,一般,,,,,其処,其処,其処
3769_27307.html,9,12,に,助詞,格助詞,一般,,,,に,ニ,ニ
3769_27307.html,9,13,何,名詞,代名詞,一般,,,,何,ナニ,ナニ
3769_27307.html,9,14,か,助詞,副助詞／並立助詞／終助詞,,,,,か,カ,カ
3769_27307.html,9,15,全体,名詞,副詞可能,,,,,全体,ゼンタイ,ゼンタイ
3769_27307.html,9,16,に,助詞,格助詞,一般,,,,に,ニ,ニ
3769_27307.html,9,17,通ずる,動詞,自立,,,サ変・−ズル,基本形,通ずる,ツウズル,ツーズル
3769_27307.html,9,18,脈絡,名詞,一般,,,,,脈絡,ミャクラク,ミャクラク
3769_27307.html,9,19,を,助詞,格助詞,一般,,,,を,ヲ,ヲ
3769_27307.html,9,20,具,名詞,一般,,,,,具,グ,グ
3769_27307.html,9,21,へ,助詞,格助詞,一般,,,,へ,ヘ,エ
3769_27307.html,9,22,て,助詞,接続助詞,,,,,て,テ,テ
3769_27307.html,9,23,ゐ,動詞,自立,,,一段,未然形,ゐる,ヰ,イ
3769_27307.html,9,24,なけれ,助動詞,,,,特殊・ナイ,仮定形,ない,ナケレ,ナケレ
3769_27307.html,9,25,ば,助詞,接続助詞,,,,,ば,バ,バ
3769_27307.html,9,26,なら,動詞,非自立,,,五段・ラ行,未然形,なる,ナラ,ナラ
3769_27307.html,9,27,ぬ,助動詞,,,,特殊・ヌ,基本形,ぬ,ヌ,ヌ
3769_27307.html,9,28,。,記号,句点,,,,,。,。,。
3769_27307.html,10,1,しかし,接続詞,,,,,,しかし,シカシ,シカシ
3769_27307.html,10,2,僕,名詞,代名詞,一般,,,,僕,ボク,ボク
3769_27307.html,10,3,の,助詞,連体化,,,,,の,ノ,ノ
3769_27307.html,10,4,架,名詞,サ変接続,,,,,架,カ,カ
3769_27307.html,10,5,上,名詞,接尾,副詞可能,,,,上,ジョウ,ジョー
3769_27307.html,10,6,の,助詞,連体化,,,,,の,ノ,ノ
3769_27307.html,10,7,書籍,名詞,一般,,,,,書籍,ショセキ,ショセキ
3769_27307.html,10,8,は,助詞,係助詞,,,,,は,ハ,ワ
3769_27307.html,10,9,集,名詞,一般,,,,,集,シュウ,シュー
3769_27307.html,10,10,まつ,動詞,自立,,,五段・タ行,基本形,まつ,マツ,マツ
3769_27307.html,10,11,た,助動詞,,,,特殊・タ,基本形,た,タ,タ
3769_27307.html,10,12,書籍,名詞,一般,,,,,書籍,ショセキ,ショセキ
3769_27307.html,10,13,で,助動詞,,,,特殊・ダ,連用形,だ,デ,デ
3769_27307.html,10,14,ある,助動詞,,,,五段・ラ行アル,基本形,ある,アル,アル
3769_27307.html,10,15,証拠,名詞,一般,,,,,証拠,ショウコ,ショーコ
3769_27307.html,10,16,に,助詞,格助詞,一般,,,,に,ニ,ニ
3769_27307.html,10,17,、,記号,読点,,,,,、,、,、
3769_27307.html,10,18,頗る,副詞,一般,,,,,頗る,スコブル,スコブル
3769_27307.html,10,19,糅,名詞,一般,,,,,糅,カテ,カテ
3769_27307.html,10,20,然,副詞,一般,,,,,然,シカ,シカ
3769_27307.html,10,21,紛然,名詞,一般,,,,,紛然,フンゼン,フンゼン
3769_27307.html,10,22,として,助詞,格助詞,連語,,,,として,トシテ,トシテ
3769_27307.html,10,23,ゐる,動詞,自立,,,一段,基本形,ゐる,ヰル,イル
3769_27307.html,10,24,。,記号,句点,,,,,。,。,。
3769_27307.html,11,1,脈絡,名詞,一般,,,,,脈絡,ミャクラク,ミャクラク
3769_27307.html,11,2,など,助詞,副助詞,,,,,など,ナド,ナド
3769_27307.html,11,3,と,助詞,格助詞,引用,,,,と,ト,ト
3769_27307.html,11,4,云,名詞,一般,,,,,云,ウン,ウン
3769_27307.html,11,5,ふも,動詞,自立,,,五段・マ行,未然ウ接続,ふむ,フモ,フモ
3769_27307.html,11,6,の,名詞,非自立,一般,,,,の,ノ,ノ
3769_27307.html,11,7,は,助詞,係助詞,,,,,は,ハ,ワ
3769_27307.html,11,8,薬,名詞,一般,,,,,薬,クスリ,クスリ
3769_27307.html,11,9,に,助詞,格助詞,一般,,,,に,ニ,ニ
3769_27307.html,11,10,し,動詞,自立,,,サ変・スル,連用形,する,シ,シ
3769_27307.html,11,11,たく,助動詞,,,,特殊・タイ,連用テ接続,たい,タク,タク
3769_27307.html,11,12,も,助詞,係助詞,,,,,も,モ,モ
3769_27307.html,11,13,ない,形容詞,自立,,,形容詞・アウオ段,基本形,ない,ナイ,ナイ
3769_27307.html,11,14,。,記号,句点,,,,,。,。,。
3769_27307.html,12,1,では,接続詞,,,,,,では,デハ,デワ
3769_27307.html,12,2,全然,副詞,一般,,,,,全然,ゼンゼン,ゼンゼン
3769_27307.html,12,3,無茶苦茶,名詞,形容動詞語幹,,,,,無茶苦茶,ムチャクチャ,ムチャクチャ
3769_27307.html,12,4,か,助詞,副助詞／並立助詞／終助詞,,,,,か,カ,カ
3769_27307.html,12,5,と,助詞,格助詞,引用,,,,と,ト,ト
3769_27307.html,12,6,云,名詞,一般,,,,,云,ウン,ウン
3769_27307.html,12,7,ふと,副詞,一般,,,,,ふと,フト,フト
3769_27307.html,12,8,、,記号,読点,,,,,、,、,、
3769_27307.html,12,9,必,名詞,一般,,,,,必,必,必
3769_27307.html,12,10,しも,助詞,副助詞,,,,,しも,シモ,シモ
3769_27307.html,12,11,亦,副詞,助詞類接続,,,,,亦,マタ,マタ
3769_27307.html,12,12,さ,動詞,自立,,,サ変・スル,未然レル接続,する,サ,サ
3769_27307.html,12,13,う,助動詞,,,,不変化型,基本形,う,ウ,ウ
3769_27307.html,12,14,で,助詞,格助詞,一般,,,,で,デ,デ
3769_27307.html,12,15,は,助詞,係助詞,,,,,は,ハ,ワ
3769_27307.html,12,16,ない,助動詞,,,,特殊・ナイ,基本形,ない,ナイ,ナイ
3769_27307.html,12,17,。,記号,句点,,,,,。,。,。
3769_27307.html,13,1,少く,形容詞,自立,,,形容詞・アウオ段,連用テ接続,少い,スクナク,スクナク
3769_27307.html,13,2,とも,助詞,接続助詞,,,,,とも,トモ,トモ
3769_27307.html,13,3,僕,名詞,代名詞,一般,,,,僕,ボク,ボク
3769_27307.html,13,4,の,助詞,連体化,,,,,の,ノ,ノ
3769_27307.html,13,5,架,名詞,サ変接続,,,,,架,カ,カ
3769_27307.html,13,6,上,名詞,接尾,副詞可能,,,,上,ジョウ,ジョー
3769_27307.html,13,7,の,助詞,連体化,,,,,の,ノ,ノ
3769_27307.html,13,8,書籍,名詞,一般,,,,,書籍,ショセキ,ショセキ
3769_27307.html,13,9,は,助詞,係助詞,,,,,は,ハ,ワ
3769_27307.html,13,10,僕,名詞,代名詞,一般,,,,僕,ボク,ボク
3769_27307.html,13,11,の,助詞,連体化,,,,,の,ノ,ノ
3769_27307.html,13,12,好み,名詞,一般,,,,,好み,コノミ,コノミ
3769_27307.html,13,13,を,助詞,格助詞,一般,,,,を,ヲ,ヲ
3769_27307.html,13,14,示し,動詞,自立,,,五段・サ行,連用形,示す,シメシ,シメシ
3769_27307.html,13,15,て,助詞,接続助詞,,,,,て,テ,テ
3769_27307.html,13,16,ゐる,動詞,自立,,,一段,基本形,ゐる,ヰル,イル
3769_27307.html,13,17,。,記号,句点,,,,,。,。,。
3769_27307.html,14,1,或は,接続詞,,,,,,或は,アルイハ,アルイワ
3769_27307.html,14,2,いろいろ,名詞,形容動詞語幹,,,,,いろいろ,イロイロ,イロイロ
3769_27307.html,14,3,の,助詞,連体化,,,,,の,ノ,ノ
3769_27307.html,14,4,時,名詞,非自立,副詞可能,,,,時,トキ,トキ
3769_27307.html,14,5,期,名詞,接尾,一般,,,,期,キ,キ
3769_27307.html,14,6,に,助詞,格助詞,一般,,,,に,ニ,ニ
3769_27307.html,14,7,於け,動詞,自立,,,五段・カ行イ音便,仮定形,於く,オケ,オケ
3769_27307.html,14,8,る,助動詞,,,,文語・リ,体言接続,り,ル,ル
3769_27307.html,14,9,好み,名詞,一般,,,,,好み,コノミ,コノミ
3769_27307.html,14,10,の,助詞,連体化,,,,,の,ノ,ノ
3769_27307.html,14,11,変遷,名詞,サ変接続,,,,,変遷,ヘンセン,ヘンセン
3769_27307.html,14,12,を,助詞,格助詞,一般,,,,を,ヲ,ヲ
3769_27307.html,14,13,示し,動詞,自立,,,五段・サ行,連用形,示す,シメシ,シメシ
3769_27307.html,14,14,て,助詞,接続助詞,,,,,て,テ,テ
3769_27307.html,14,15,ゐる,動詞,自立,,,一段,基本形,ゐる,ヰル,イル
3769_27307.html,14,16,。,記号,句点,,,,,。,。,。
3769_27307.html,15,1,その,連体詞,,,,,,その,ソノ,ソノ
3769_27307.html,15,2,点,名詞,非自立,一般,,,,点,テン,テン
3769_27307.html,15,3,で,助動詞,,,,特殊・ダ,連用形,だ,デ,デ
3769_27307.html,15,4,は,助詞,係助詞,,,,,は,ハ,ワ
3769_27307.html,15,5,——,名詞,サ変接続,,,,,——,——,——
3769_27307.html,15,6,僕,名詞,代名詞,一般,,,,僕,ボク,ボク
3769_27307.html,15,7,と,助詞,並立助詞,,,,,と,ト,ト
3769_27307.html,15,8,云,名詞,一般,,,,,云,ウン,ウン
3769_27307.html,15,9,ふも,動詞,自立,,,五段・マ行,未然ウ接続,ふむ,フモ,フモ
3769_27307.html,15,10,の,名詞,非自立,一般,,,,の,ノ,ノ
3769_27307.html,15,11,を,助詞,格助詞,一般,,,,を,ヲ,ヲ
3769_27307.html,15,12,示し,動詞,自立,,,五段・サ行,連用形,示す,シメシ,シメシ
3769_27307.html,15,13,て,助詞,接続助詞,,,,,て,テ,テ
3769_27307.html,15,14,ゐる,動詞,自立,,,一段,基本形,ゐる,ヰル,イル
3769_27307.html,15,15,点,名詞,非自立,一般,,,,点,テン,テン
3769_27307.html,15,16,で,助動詞,,,,特殊・ダ,連用形,だ,デ,デ
3769_27307.html,15,17,は,助詞,係助詞,,,,,は,ハ,ワ
3769_27307.html,15,18,僕,名詞,代名詞,一般,,,,僕,ボク,ボク
3769_27307.html,15,19,の,助詞,連体化,,,,,の,ノ,ノ
3769_27307.html,15,20,作品,名詞,一般,,,,,作品,サクヒン,サクヒン
3769_27307.html,15,21,と,助詞,格助詞,一般,,,,と,ト,ト
3769_27307.html,15,22,選ぶ,動詞,自立,,,五段・バ行,基本形,選ぶ,エラブ,エラブ
3769_27307.html,15,23,所,名詞,非自立,副詞可能,,,,所,トコロ,トコロ
3769_27307.html,15,24,は,助詞,係助詞,,,,,は,ハ,ワ
3769_27307.html,15,25,ない,助動詞,,,,特殊・ナイ,基本形,ない,ナイ,ナイ
3769_27307.html,15,26,。,記号,句点,,,,,。,。,。
3769_27307.html,16,1,僕,名詞,代名詞,一般,,,,僕,ボク,ボク
3769_27307.html,16,2,は,助詞,係助詞,,,,,は,ハ,ワ
3769_27307.html,16,3,以前,名詞,副詞可能,,,,,以前,イゼン,イゼン
3769_27307.html,16,4,架,名詞,サ変接続,,,,,架,カ,カ
3769_27307.html,16,5,上,名詞,接尾,副詞可能,,,,上,ジョウ,ジョー
3769_27307.html,16,6,の,助詞,連体化,,,,,の,ノ,ノ
3769_27307.html,16,7,書籍,名詞,一般,,,,,書籍,ショセキ,ショセキ
3769_27307.html,16,8,を,助詞,格助詞,一般,,,,を,ヲ,ヲ
3769_27307.html,16,9,買,名詞,一般,,,,,買,カイ,カイ
3769_27307.html,16,10,ひ,名詞,一般,,,,,ひ,ヒ,ヒ
3769_27307.html,16,11,入れ,動詞,自立,,,一段,連用形,入れる,イレ,イレ
3769_27307.html,16,12,た,助動詞,,,,特殊・タ,基本形,た,タ,タ
3769_27307.html,16,13,年月,名詞,一般,,,,,年月,トシツキ,トシツキ
3769_27307.html,16,14,の,助詞,連体化,,,,,の,ノ,ノ
3769_27307.html,16,15,順,名詞,一般,,,,,順,ジュン,ジュン
3769_27307.html,16,16,に,助詞,格助詞,一般,,,,に,ニ,ニ
3769_27307.html,16,17,記し,動詞,自立,,,五段・サ行,連用形,記す,シルシ,シルシ
3769_27307.html,16,18,、,記号,読点,,,,,、,、,、
3769_27307.html,16,19,その,連体詞,,,,,,その,ソノ,ソノ
3769_27307.html,16,20,書籍,名詞,一般,,,,,書籍,ショセキ,ショセキ
3769_27307.html,16,21,の,助詞,連体化,,,,,の,ノ,ノ
3769_27307.html,16,22,持ち主,名詞,一般,,,,,持ち主,モチヌシ,モチヌシ
3769_27307.html,16,23,の,助詞,連体化,,,,,の,ノ,ノ
3769_27307.html,16,24,一生,名詞,副詞可能,,,,,一生,イッショウ,イッショー
3769_27307.html,16,25,の,助詞,連体化,,,,,の,ノ,ノ
3769_27307.html,16,26,変化,名詞,サ変接続,,,,,変化,ヘンカ,ヘンカ
3769_27307.html,16,27,を,助詞,格助詞,一般,,,,を,ヲ,ヲ
3769_27307.html,16,28,暗示,名詞,サ変接続,,,,,暗示,アンジ,アンジ
3769_27307.html,16,29,する,動詞,自立,,,サ変・スル,基本形,する,スル,スル
3769_27307.html,16,30,小品,名詞,一般,,,,,小品,ショウヒン,ショーヒン
3769_27307.html,16,31,を,助詞,格助詞,一般,,,,を,ヲ,ヲ
3769_27307.html,16,32,書い,動詞,自立,,,五段・カ行イ音便,連用タ接続,書く,カイ,カイ
3769_27307.html,16,33,て,助詞,接続助詞,,,,,て,テ,テ
3769_27307.html,16,34,見よ,動詞,自立,,,一段,未然ウ接続,見る,ミヨ,ミヨ
3769_27307.html,16,35,う,助動詞,,,,不変化型,基本形,う,ウ,ウ
3769_27307.html,16,36,か,助詞,副助詞／並立助詞／終助詞,,,,,か,カ,カ
3769_27307.html,16,37,と,助詞,格助詞,引用,,,,と,ト,ト
3769_27307.html,16,38,思,動詞,自立,,,一段,連用形,思る,オモエ,オモエ
3769_27307.html,16,39,つ,助動詞,,,,下二・タ行,基本形,つ,ツ,ツ
3769_27307.html,16,40,た,助動詞,,,,特殊・タ,基本形,た,タ,タ
3769_27307.html,16,41,。,記号,句点,,,,,。,。,。
3769_27307.html,17,1,が,接続詞,,,,,,が,ガ,ガ
3769_27307.html,17,2,、,記号,読点,,,,,、,、,、
3769_27307.html,17,3,西洋,名詞,一般,,,,,西洋,セイヨウ,セイヨー
3769_27307.html,17,4,人,名詞,接尾,一般,,,,人,ジン,ジン
3769_27307.html,17,5,の,助詞,格助詞,一般,,,,の,ノ,ノ
3769_27307.html,17,6,書い,動詞,自立,,,五段・カ行イ音便,連用タ接続,書く,カイ,カイ
3769_27307.html,17,7,た,助動詞,,,,特殊・タ,基本形,た,タ,タ
3769_27307.html,17,8,もの,名詞,非自立,一般,,,,もの,モノ,モノ
3769_27307.html,17,9,に,助詞,格助詞,一般,,,,に,ニ,ニ
3769_27307.html,17,10,余り,動詞,自立,,,五段・ラ行,連用形,余る,アマリ,アマリ
3769_27307.html,17,11,似寄り,名詞,一般,,,,,似寄り,ニヨリ,ニヨリ
3769_27307.html,17,12,の,助詞,連体化,,,,,の,ノ,ノ
3769_27307.html,17,13,話,名詞,サ変接続,,,,,話,ハナシ,ハナシ
3769_27307.html,17,14,を,助詞,格助詞,一般,,,,を,ヲ,ヲ
3769_27307.html,17,15,見,動詞,自立,,,一段,連用形,見る,ミ,ミ
3769_27307.html,17,16,た,助動詞,,,,特殊・タ,基本形,た,タ,タ
3769_27307.html,17,17,為,名詞,非自立,副詞可能,,,,為,タメ,タメ
3769_27307.html,17,18,、,記号,読点,,,,,、,、,、
3769_27307.html,17,19,とうとう,副詞,一般,,,,,とうとう,トウトウ,トートー
3769_27307.html,17,20,それ,名詞,代名詞,一般,,,,それ,ソレ,ソレ
3769_27307.html,17,21,なり,助詞,副助詞,,,,,なり,ナリ,ナリ
3769_27307.html,17,22,に,助詞,格助詞,一般,,,,に,ニ,ニ
3769_27307.html,17,23,な,助動詞,,,,特殊・ダ,体言接続,だ,ナ,ナ
3769_27307.html,17,24,つて,名詞,一般,,,,,つて,ツテ,ツテ
3769_27307.html,17,25,しまつ,名詞,サ変接続,,,,,しまつ,シマツ,シマツ
3769_27307.html,17,26,た,助動詞,,,,特殊・タ,基本形,た,タ,タ
3769_27307.html,17,27,。,記号,句点,,,,,。,。,。
3769_27307.html,18,1,それ,名詞,代名詞,一般,,,,それ,ソレ,ソレ
3769_27307.html,18,2,なり,助詞,副助詞,,,,,なり,ナリ,ナリ
3769_27307.html,18,3,に,助詞,格助詞,一般,,,,に,ニ,ニ
3769_27307.html,18,4,な,助動詞,,,,特殊・ダ,体言接続,だ,ナ,ナ
3769_27307.html,18,5,つて,名詞,一般,,,,,つて,ツテ,ツテ
3769_27307.html,18,6,しまつ,名詞,サ変接続,,,,,しまつ,シマツ,シマツ
3769_27307.html,18,7,た,助動詞,,,,特殊・タ,基本形,た,タ,タ
3769_27307.html,18,8,の,名詞,非自立,一般,,,,の,ノ,ノ
3769_27307.html,18,9,は,助詞,係助詞,,,,,は,ハ,ワ
3769_27307.html,18,10,勿論,副詞,一般,,,,,勿論,モチロン,モチロン
3769_27307.html,18,11,天下,名詞,一般,,,,,天下,テンカ,テンカ
3769_27307.html,18,12,の,助詞,連体化,,,,,の,ノ,ノ
3769_27307.html,18,13,為,名詞,非自立,副詞可能,,,,為,タメ,タメ
3769_27307.html,18,14,に,助詞,格助詞,一般,,,,に,ニ,ニ
3769_27307.html,18,15,幸福,名詞,形容動詞語幹,,,,,幸福,コウフク,コーフク
3769_27307.html,18,16,で,助動詞,,,,特殊・ダ,連用形,だ,デ,デ
3769_27307.html,18,17,ある,助動詞,,,,五段・ラ行アル,基本形,ある,アル,アル
3769_27307.html,18,18,。,記号,句点,,,,,。,。,。
3769_27307.html,19,1,しかし,接続詞,,,,,,しかし,シカシ,シカシ
3769_27307.html,19,2,架,名詞,サ変接続,,,,,架,カ,カ
3769_27307.html,19,3,上,名詞,接尾,副詞可能,,,,上,ジョウ,ジョー
3769_27307.html,19,4,の,助詞,連体化,,,,,の,ノ,ノ
3769_27307.html,19,5,書籍,名詞,一般,,,,,書籍,ショセキ,ショセキ
3769_27307.html,19,6,なる,動詞,自立,,,五段・ラ行,基本形,なる,ナル,ナル
3769_27307.html,19,7,もの,名詞,非自立,一般,,,,もの,モノ,モノ
3769_27307.html,19,8,の,助詞,連体化,,,,,の,ノ,ノ
3769_27307.html,19,9,鏡,名詞,一般,,,,,鏡,カガミ,カガミ
3769_27307.html,19,10,の,助詞,連体化,,,,,の,ノ,ノ
3769_27307.html,19,11,やう,名詞,非自立,助動詞語幹,,,,やう,ヤウ,ヨー
3769_27307.html,19,12,に,助詞,副詞化,,,,,に,ニ,ニ
3769_27307.html,19,13,持ち主,名詞,一般,,,,,持ち主,モチヌシ,モチヌシ
3769_27307.html,19,14,を,助詞,格助詞,一般,,,,を,ヲ,ヲ
3769_27307.html,19,15,映す,動詞,自立,,,五段・サ行,基本形,映す,ウツス,ウツス
3769_27307.html,19,16,こと,名詞,非自立,一般,,,,こと,コト,コト
3769_27307.html,19,17,は,助詞,係助詞,,,,,は,ハ,ワ
3769_27307.html,19,18,兎,名詞,一般,,,,,兎,ウサギ,ウサギ
3769_27307.html,19,19,に,助詞,格助詞,一般,,,,に,ニ,ニ
3769_27307.html,19,20,角,形容詞,自立,,,形容詞・アウオ段,ガル接続,角い,カク,カク
3769_27307.html,19,21,何,名詞,代名詞,一般,,,,何,ナニ,ナニ
3769_27307.html,19,22,か,助詞,副助詞／並立助詞／終助詞,,,,,か,カ,カ
3769_27307.html,19,23,懐しい,形容詞,自立,,,形容詞・イ段,基本形,懐しい,ナツカシイ,ナツカシイ
3769_27307.html,19,24,、,記号,読点,,,,,、,、,、
3769_27307.html,19,25,さもなければ,接続詞,,,,,,さもなければ,サモナケレバ,サモナケレバ
3769_27307.html,19,26,何,名詞,代名詞,一般,,,,何,ナニ,ナニ
3769_27307.html,19,27,か,助詞,副助詞／並立助詞／終助詞,,,,,か,カ,カ
3769_27307.html,19,28,気味,名詞,一般,,,,,気味,キミ,キミ
3769_27307.html,19,29,の,助詞,格助詞,一般,,,,の,ノ,ノ
3769_27307.html,19,30,悪い,形容詞,自立,,,形容詞・アウオ段,基本形,悪い,ワルイ,ワルイ
3769_27307.html,19,31,事実,名詞,副詞可能,,,,,事実,ジジツ,ジジツ
3769_27307.html,19,32,で,助動詞,,,,特殊・ダ,連用形,だ,デ,デ
3769_27307.html,19,33,ある,助動詞,,,,五段・ラ行アル,基本形,ある,アル,アル
3769_27307.html,19,34,と,助詞,格助詞,引用,,,,と,ト,ト
3769_27307.html,19,35,云,名詞,一般,,,,,云,ウン,ウン
3769_27307.html,19,36,は,助詞,係助詞,,,,,は,ハ,ワ
3769_27307.html,19,37,なけれ,形容詞,自立,,,形容詞・アウオ段,仮定形,ない,ナケレ,ナケレ
3769_27307.html,19,38,ば,助詞,接続助詞,,,,,ば,バ,バ
3769_27307.html,19,39,なら,動詞,非自立,,,五段・ラ行,未然形,なる,ナラ,ナラ
3769_27307.html,19,40,ぬ,助動詞,,,,特殊・ヌ,基本形,ぬ,ヌ,ヌ
3769_27307.html,19,41,。,記号,句点,,,,,。,。,。
3769_27307.html,20,1,（,記号,括弧開,,,,,（,（,（
3769_27307.html,20,2,この,連体詞,,,,,,この,コノ,コノ
3769_27307.html,20,3,故,名詞,非自立,副詞可能,,,,故,ユエ,ユエ
3769_27307.html,20,4,に,助詞,格助詞,一般,,,,に,ニ,ニ
3769_27307.html,20,5,売り立て,名詞,一般,,,,,売り立て,ウリタテ,ウリタテ
3769_27307.html,20,6,に,助詞,格助詞,一般,,,,に,ニ,ニ
3769_27307.html,21,1,「,記号,括弧開,,,,,「,「,「
3769_27307.html,21,2,さしも,副詞,助詞類接続,,,,,さしも,サシモ,サシモ
3769_27307.html,21,3,の,助詞,連体化,,,,,の,ノ,ノ
3769_27307.html,21,4,」,記号,括弧閉,,,,,」,」,」
3769_27307.html,22,1,を,助詞,格助詞,一般,,,,を,ヲ,ヲ
3769_27307.html,22,2,する,動詞,自立,,,サ変・スル,基本形,する,スル,スル
3769_27307.html,22,3,の,名詞,非自立,一般,,,,の,ノ,ノ
3769_27307.html,22,4,は,助詞,係助詞,,,,,は,ハ,ワ
3769_27307.html,22,5,他人,名詞,一般,,,,,他人,タニン,タニン
3769_27307.html,22,6,の,助詞,連体化,,,,,の,ノ,ノ
3769_27307.html,22,7,作品,名詞,一般,,,,,作品,サクヒン,サクヒン
3769_27307.html,22,8,に,助詞,格助詞,一般,,,,に,ニ,ニ
3769_27307.html,22,9,筆,名詞,一般,,,,,筆,フデ,フデ
3769_27307.html,22,10,を,助詞,格助詞,一般,,,,を,ヲ,ヲ
3769_27307.html,22,11,入れる,動詞,自立,,,一段,基本形,入れる,イレル,イレル
3769_27307.html,22,12,の,名詞,非自立,一般,,,,の,ノ,ノ
3769_27307.html,22,13,と,助詞,格助詞,引用,,,,と,ト,ト
3769_27307.html,22,14,同じ,名詞,形容動詞語幹,,,,,同じ,オナジ,オナジ
3769_27307.html,22,15,位,名詞,接尾,一般,,,,位,イ,イ
3769_27307.html,22,16,道徳的,名詞,形容動詞語幹,,,,,道徳的,ドウトクテキ,ドートクテキ
3769_27307.html,22,17,に,助詞,副詞化,,,,,に,ニ,ニ
3769_27307.html,22,18,不都合,名詞,形容動詞語幹,,,,,不都合,フツゴウ,フツゴー
3769_27307.html,22,19,で,助動詞,,,,特殊・ダ,連用形,だ,デ,デ
3769_27307.html,22,20,ある,助動詞,,,,五段・ラ行アル,基本形,ある,アル,アル
3769_27307.html,22,21,。,記号,句点,,,,,。,。,。
3769_27307.html,23,1,）,記号,括弧閉,,,,,）,）,）
3769_27307.html,24,1,蒐集,名詞,サ変接続,,,,,蒐集,シュウシュウ,シューシュー
3769_27307.html,24,2,家,名詞,接尾,一般,,,,家,カ,カ
3769_27307.html,24,3,のみ,助詞,副助詞,,,,,のみ,ノミ,ノミ
3769_27307.html,24,4,の,助詞,格助詞,一般,,,,の,ノ,ノ
3769_27307.html,24,5,知る,動詞,自立,,,五段・ラ行,基本形,知る,シル,シル
3769_27307.html,24,6,喜び,名詞,一般,,,,,喜び,ヨロコビ,ヨロコビ
3769_27307.html,24,7,や,助詞,並立助詞,,,,,や,ヤ,ヤ
3769_27307.html,24,8,悲しみ,名詞,一般,,,,,悲しみ,カナシミ,カナシミ
3769_27307.html,24,9,は,助詞,係助詞,,,,,は,ハ,ワ
3769_27307.html,24,10,かう,動詞,自立,,,五段・ワ行促音便,基本形,かう,カウ,カウ
3769_27307.html,24,11,云,名詞,一般,,,,,云,ウン,ウン
3769_27307.html,24,12,ふ,名詞,一般,,,,,ふ,フ,フ
3769_27307.html,24,13,僕,名詞,代名詞,一般,,,,僕,ボク,ボク
3769_27307.html,24,14,に,助詞,格助詞,一般,,,,に,ニ,ニ
3769_27307.html,24,15,は,助詞,係助詞,,,,,は,ハ,ワ
3769_27307.html,24,16,恵まれ,動詞,自立,,,一段,連用形,恵まれる,メグマレ,メグマレ
3769_27307.html,24,17,て,助詞,接続助詞,,,,,て,テ,テ
3769_27307.html,24,18,ゐ,動詞,自立,,,一段,未然形,ゐる,ヰ,イ
3769_27307.html,24,19,ない,助動詞,,,,特殊・ナイ,基本形,ない,ナイ,ナイ
3769_27307.html,24,20,。,記号,句点,,,,,。,。,。
3769_27307.html,25,1,何しろ,副詞,一般,,,,,何しろ,ナニシロ,ナニシロ
3769_27307.html,25,2,本屋,名詞,一般,,,,,本屋,ホンヤ,ホンヤ
3769_27307.html,25,3,を,助詞,格助詞,一般,,,,を,ヲ,ヲ
3769_27307.html,25,4,ひやかし,動詞,自立,,,五段・サ行,連用形,ひやかす,ヒヤカシ,ヒヤカシ
3769_27307.html,25,5,て,助詞,接続助詞,,,,,て,テ,テ
3769_27307.html,25,6,ゐ,動詞,自立,,,一段,連用形,ゐる,ヰ,イ
3769_27307.html,25,7,たり,助詞,並立助詞,,,,,たり,タリ,タリ
3769_27307.html,25,8,、,記号,読点,,,,,、,、,、
3769_27307.html,25,9,或は,接続詞,,,,,,或は,アルイハ,アルイワ
3769_27307.html,25,10,カタロオグ,名詞,一般,,,,,カタロオグ,カタロオグ,カタロオグ
3769_27307.html,25,11,を,助詞,格助詞,一般,,,,を,ヲ,ヲ
3769_27307.html,25,12,読ん,動詞,自立,,,五段・マ行,連用タ接続,読む,ヨン,ヨン
3769_27307.html,25,13,で,助詞,接続助詞,,,,,で,デ,デ
3769_27307.html,25,14,ゐ,動詞,自立,,,一段,連用形,ゐる,ヰ,イ
3769_27307.html,25,15,たり,助詞,並立助詞,,,,,たり,タリ,タリ
3769_27307.html,25,16,する,動詞,自立,,,サ変・スル,基本形,する,スル,スル
3769_27307.html,25,17,内,名詞,非自立,副詞可能,,,,内,ウチ,ウチ
3769_27307.html,25,18,に,助詞,格助詞,一般,,,,に,ニ,ニ
3769_27307.html,25,19,目,名詞,一般,,,,,目,メ,メ
3769_27307.html,25,20,に,助詞,格助詞,一般,,,,に,ニ,ニ
3769_27307.html,25,21,と,助詞,格助詞,引用,,,,と,ト,ト
3769_27307.html,25,22,まつ,動詞,自立,,,五段・タ行,基本形,まつ,マツ,マツ
3769_27307.html,25,23,た,助動詞,,,,特殊・タ,基本形,た,タ,タ
3769_27307.html,25,24,もの,名詞,非自立,一般,,,,もの,モノ,モノ
3769_27307.html,25,25,を,助詞,格助詞,一般,,,,を,ヲ,ヲ
3769_27307.html,25,26,買,名詞,一般,,,,,買,カイ,カイ
3769_27307.html,25,27,ふ,名詞,一般,,,,,ふ,フ,フ
3769_27307.html,25,28,の,助詞,連体化,,,,,の,ノ,ノ
3769_27307.html,25,29,で,助動詞,,,,特殊・ダ,連用形,だ,デ,デ
3769_27307.html,25,30,ある,助動詞,,,,五段・ラ行アル,基本形,ある,アル,アル
3769_27307.html,25,31,から,助詞,接続助詞,,,,,から,カラ,カラ
3769_27307.html,25,32,、,記号,読点,,,,,、,、,、
3769_27307.html,25,33,感激,名詞,サ変接続,,,,,感激,カンゲキ,カンゲキ
3769_27307.html,25,34,も,助詞,係助詞,,,,,も,モ,モ
3769_27307.html,25,35,頗る,副詞,一般,,,,,頗る,スコブル,スコブル
3769_27307.html,25,36,薄い,形容詞,自立,,,形容詞・アウオ段,基本形,薄い,ウスイ,ウスイ
3769_27307.html,25,37,訣,名詞,一般,,,,,訣,訣,訣
3769_27307.html,25,38,で,助動詞,,,,特殊・ダ,連用形,だ,デ,デ
3769_27307.html,25,39,ある,助動詞,,,,五段・ラ行アル,基本形,ある,アル,アル
3769_27307.html,25,40,。,記号,句点,,,,,。,。,。
3769_27307.html,26,1,大金,名詞,一般,,,,,大金,タイキン,タイキン
3769_27307.html,26,2,は,助詞,係助詞,,,,,は,ハ,ワ
3769_27307.html,26,3,勿論,副詞,一般,,,,,勿論,モチロン,モチロン
3769_27307.html,26,4,出し,動詞,自立,,,五段・サ行,連用形,出す,ダシ,ダシ
3769_27307.html,26,5,た,助動詞,,,,特殊・タ,基本形,た,タ,タ
3769_27307.html,26,6,こと,名詞,非自立,一般,,,,こと,コト,コト
3769_27307.html,26,7,は,助詞,係助詞,,,,,は,ハ,ワ
3769_27307.html,26,8,ない,助動詞,,,,特殊・ナイ,基本形,ない,ナイ,ナイ
3769_27307.html,26,9,。,記号,句点,,,,,。,。,。
3769_27307.html,27,1,是,名詞,代名詞,一般,,,,是,コレ,コレ
3769_27307.html,27,2,でも,助詞,副助詞,,,,,でも,デモ,デモ
3769_27307.html,27,3,本,接頭詞,名詞接続,,,,,本,ホン,ホン
3769_27307.html,27,4,道楽,名詞,サ変接続,,,,,道楽,ドウラク,ドーラク
3769_27307.html,27,5,の,助詞,連体化,,,,,の,ノ,ノ
3769_27307.html,27,6,話,名詞,サ変接続,,,,,話,ハナシ,ハナシ
3769_27307.html,27,7,に,助詞,格助詞,一般,,,,に,ニ,ニ
3769_27307.html,27,8,なる,動詞,自立,,,五段・ラ行,基本形,なる,ナル,ナル
3769_27307.html,27,9,か,助詞,副助詞／並立助詞／終助詞,,,,,か,カ,カ
3769_27307.html,27,10,どう,副詞,助詞類接続,,,,,どう,ドウ,ドー
3769_27307.html,27,11,か,助詞,副助詞／並立助詞／終助詞,,,,,か,カ,カ
3769_27307.html,27,12,、,記号,読点,,,,,、,、,、
3769_27307.html,27,13,其辺,名詞,一般,,,,,其辺,其辺,其辺
3769_27307.html,27,14,は,助詞,係助詞,,,,,は,ハ,ワ
3769_27307.html,27,15,僕,名詞,代名詞,一般,,,,僕,ボク,ボク
3769_27307.html,27,16,に,助詞,格助詞,一般,,,,に,ニ,ニ
3769_27307.html,27,17,も,助詞,係助詞,,,,,も,モ,モ
3769_27307.html,27,18,疑問,名詞,一般,,,,,疑問,ギモン,ギモン
3769_27307.html,27,19,で,助動詞,,,,特殊・ダ,連用形,だ,デ,デ
3769_27307.html,27,20,ある,助動詞,,,,五段・ラ行アル,基本形,ある,アル,アル
3769_27307.html,27,21,。,記号,句点,,,,,。,。,。
3769_27307.html,28,1,（,記号,括弧開,,,,,（,（,（
3769_27307.html,28,2,大正,名詞,固有名詞,一般,,,,大正,タイショウ,タイショー
3769_27307.html,28,3,十,名詞,数,,,,,十,ジュウ,ジュー
3769_27307.html,28,4,三,名詞,数,,,,,三,サン,サン
3769_27307.html,28,5,年,名詞,接尾,助数詞,,,,年,ネン,ネン
3769_27307.html,28,6,七月,名詞,副詞可能,,,,,七月,シチガツ,シチガツ
3769_27307.html,28,7,）,記号,括弧閉,,,,,）,）,）
